{"wdth_mouth": {"std": 27.74438741921665, "mean": 220.1097435897436}, "dist_mouth_nose": {"std": 16.244684082700577, "mean": 83.80923076923077}, "dist_r": {"std": 12.690724902057177, "mean": 74.38064859945948}, "dist_l": {"std": 12.60962071882186, "mean": 76.99986366084995}, "dist_eyes": {"std": 9.268076557901047, "mean": 157.27007372748616}, "hght_mouth": {"std": 24.774719485299514, "mean": 80.90974358974358}}